<?xml version="1.0" encoding="UTF-8"?>
<beans xmlns="http://www.springframework.org/schema/beans"
   xmlns:xsi="http://www.w3.org/2001/XMLSchema-instance"
   xmlns:context="http://www.springframework.org/schema/context"
   xmlns:mybatis-spring="http://mybatis.org/schema/mybatis-spring"
   xsi:schemaLocation="http://mybatis.org/schema/mybatis-spring http://mybatis.org/schema/mybatis-spring-1.2.xsd
      http://www.springframework.org/schema/beans https://www.springframework.org/schema/beans/spring-beans.xsd
      http://www.springframework.org/schema/context http://www.springframework.org/schema/context/spring-context-4.3.xsd">

	<bean id="hikariConfig" class="com.zaxxer.hikari.HikariConfig">
		
		<!-- <property name="driverClassName" value="com.mysql.cj.jdbc.Driver"/>
		<property name="jdbcUrl" value="jdbc:mysql://localhost:3306/gb"/> -->
		<property name="driverClassName" value="net.sf.log4jdbc.sql.jdbcapi.DriverSpy"/>
		<property name="jdbcUrl" value="jdbc:log4jdbc:mysql://localhost:3306/sweethome"/>
		<property name="username" value="root"/>
		<property name="password" value="1234"/>
	</bean>
	
	<bean id="dataSource" class="com.zaxxer.hikari.HikariDataSource" destroy-method="close">
		<constructor-arg ref="hikariConfig"/>
	</bean>
	
	<bean id="sqlSessionFactory" class="org.mybatis.spring.SqlSessionFactoryBean">
		<property name="dataSource" ref="dataSource"/>
											<!-- src/main/resource -->
		<!-- <property name="configLocation" value="classpath:/??"></property> -->
	</bean>
	
	<mybatis-spring:scan base-package="com.sweethome.mapper"/>
	<context:component-scan base-package="com.sweethome.service"/>
	<!-- Root Context: defines shared resources visible to all other web components -->
</beans>








