<?xml version="1.0" encoding="UTF-8"?>
<!DOCTYPE mapper
  PUBLIC "-//mybatis.org//DTD Mapper 3.0//EN"
  "http://mybatis.org/dtd/mybatis-3-mapper.dtd">
<mapper namespace="com.sweethome.mapper.BoardMapper">
   <sql id="cri">
      <if test="keyword != '' and type != ''">
         <trim prefixOverrides="or" prefix="(" suffix=") and">
            <foreach collection="typeArr" item="type">
               or
               <choose>
                  <when test="type=='T'.toString()">
                     (boardtitle like('%${keyword}%'))
                  </when>
                  <when test="type=='C'.toString()">
                     (boardcontents like('%${keyword}%'))
                  </when>
                  <when test="type=='W'.toString()">
                     (userid like('%${keyword}%'))
                  </when>
               </choose>
            </foreach>
         </trim>
      </if>
   </sql>
   
   <insert id="insert">
      insert into m_board (boardtitle,boardcontents,userid)
      values(#{boardtitle},#{boardcontents},#{userid})
   </insert>

   <select id="getList" resultType="com.sweethome.domain.BoardDTO">
      select * from m_board where
      <include refid="cri"></include>
      <![CDATA[
         0 < boardnum order by boardnum desc limit #{startrow},#{amount}
      ]]>
      
   <!--    select * from m_board 
      <where>
         <if test="keyword != null and type != null">
         </if>
      </where>
      <![CDATA[
         order by boardnum desc limit #{startrow},#{amount}
      ]]> -->
      
   </select>
   <select id="getTotal" resultType="_int">
      select count(*) from m_board where <include refid="cri"></include> boardnum>0
   </select>
   
   <select id="getMaxBoardnum" resultType="long">
      select max(boardnum) from m_board where userid=#{userid}
   </select>
   
   <select id="getDetail" resultType="com.sweethome.domain.BoardDTO">
      select * from m_board where boardnum=#{boardnum}
   </select>
   
   <update id="modify">
      update m_board
      set boardtitle=#{boardtitle},boardcontents=#{boardcontents},updatedate=now()
      where boardnum=#{boardnum}
   </update>
   
   <delete id="remove">
      delete from m_board where boardnum=#{boardnum}
   </delete>
</mapper>






